Symbol,Name,Last Sale,Net Change,% Change,Market Cap,Country,IPO Year,Volume,Sector,Industry
AAMC,Altisource Asset Management Corp Com,$15.64,0.60,3.989%,32035709.00,United States,,9312,Finance,Investment Managers
AAU,Almaden Minerals Ltd. Common Shares,$0.4264,-0.0151,-3.42%,58511208.00,Canada,2015,267484,Basic Industries,Precious Metals
ACU,Acme United Corporation. Common Stock,$40.36,0.29,0.724%,140595150.00,United States,1988,19166,Consumer Durables,Home Furnishings
ACY,AeroCentury Corp. Common Stock,$23.00,-4.18,-15.379%,35555332.00,United States,,432388,Technology,Diversified Commercial Services
ADRA,Adara Acquisition Corp. Class A Common Stock,$9.72,-0.01,-0.103%,139725000.00,United States,2021,205,,
AE,Adams Resources & Energy Inc. Common Stock,$26.01,-0.3925,-1.487%,110568900.00,United States,,5892,Energy,Oilfield Services/Equipment
AEF,Aberdeen Emerging Markets Equity Income Fund Inc. Common Stock,$8.83,-0.085,-0.953%,448138200.00,United States,,19247,Finance,Finance/Investors Services
AGE,AgeX Therapeutics Inc. Common Stock,$1.29,-0.06,-4.444%,48936264.00,,2018,81606,Health Care,Major Pharmaceuticals
AIM,AIM ImmunoTech Inc. Common Stock,$2.01,-0.06,-2.899%,79776924.00,United States,,229653,Health Care,Biotechnology: Biological Products (No Diagnostic Substances)
AINC,Ashford Inc. (Holding Company) Common Stock,$16.60,0.00,0.00%,49960074.00,United States,2014,6428,Consumer Services,Professional Services
AIRI,Air Industries Group Common Stock,$1.23,-0.03,-2.381%,39406183.00,United States,,305722,Capital Goods,Military/Government/Technical
AMBO,Ambow Education Holding Ltd. American Depository Shares each representing two Class A ordinary shares,$1.62,-0.0444,-2.668%,37781794.00,China,,20504,Miscellaneous,Service to the Health Industry
AMPE,Ampio Pharmaceuticals Inc.,$1.51,0.06,4.138%,297239190.00,United States,,1945772,Health Care,Major Pharmaceuticals
AMS,American Shared Hospital Services Common Stock,$2.61,0.00,0.00%,15140610.00,United States,,95072,Health Care,Medical Specialities
ANVS,Annovis Bio Inc. Common Stock,$39.59,-2.91,-6.847%,320701566.00,United States,2020,663830,Consumer Durables,Specialty Chemicals
APT,Alpha Pro Tech Ltd. Common Stock,$8.80,0.28,3.286%,117323809.00,Canada,,1744267,,
ARMP,Armata Pharmaceuticals Inc. Common Stock,$3.82,-0.11,-2.799%,95272488.00,United States,,11054,Health Care,Biotechnology: Biological Products (No Diagnostic Substances)
ASM,Avino Silver & Gold Mines Ltd. Common Shares (Canada),$1.03,0.00,0.00%,103894085.00,Canada,,500057,,
ASXC,Asensus Surgical Inc. Common Stock,$2.42,0.06,2.542%,564394380.00,United States,,6508777,Health Care,Medical/Dental Instruments
ATNM,Actinium Pharmaceuticals Inc. (Delaware) Common Stock,$6.92,-0.02,-0.288%,147612693.00,United States,,62226,Health Care,Major Pharmaceuticals
AUMN,Golden Minerals Company Common Stock,$0.4915,-0.017,-3.343%,79853814.00,United States,,643613,,
AWX,Avalon Holdings Corporation Common Stock,$4.75,-0.02,-0.419%,18522297.00,United States,,189379,Public Utilities,Environmental Services
AXU,Alexco Resource Corp Common Shares (Canada),$2.02,-0.09,-4.265%,304378092.00,Canada,,561706,Basic Industries,Precious Metals
BATL,Battalion Oil Corporation Common Stock,$12.525,-0.285,-2.225%,203751652.00,,,6190,Energy,Oil & Gas Production
BCV,Bancroft Fund Ltd.,$31.0751,0.0051,0.016%,171465752.00,United States,,13633,Finance,Finance/Investors Services
BCV^A,Bancroft Fund Limited 5.375% Series A Cumulative Preferred Shares,$25.6401,0.0101,0.039%,,United States,,1216,,
BDL,Flanigan's Enterprises Inc. Common Stock,$29.50,0.20,0.683%,54830087.00,United States,,9807,Consumer Services,Restaurants
BDR,Blonder Tongue Laboratories Inc. Common Stock,$1.54,0.25,19.38%,18419178.00,United States,,6641199,Capital Goods,Industrial Machinery/Components
BGI,Birks Group Inc. Common Stock,$2.84,0.01,0.353%,52054198.00,Canada,,161475,,
BHB,Bar Harbor Bankshares Inc. Common Stock,$28.52,0.19,0.671%,427295909.00,United States,,25458,Finance,Major Banks
BKTI,BK Technologies Corporation Common Stock,$3.25,0.05,1.563%,54553593.00,United States,,34920,Technology,Radio And Television Broadcasting And Communications Equipment
BMTX,BM Technologies Inc. Common Stock,$11.08,0.14,1.28%,135180188.00,,2018,180184,Technology,EDP Services
BRBS,Blue Ridge Bankshares Inc. Common Stock,$17.53,0.24,1.388%,329113602.00,,,34316,Finance,Major Banks
BRG,Bluerock Residential Growth REIT Inc. Class A Common Stock,$12.64,-0.14,-1.095%,374514162.00,,2014,259430,Consumer Services,Real Estate Investment Trusts
BRG^C,Bluerock Residential Growth REIT Inc. 7.625% Series C Cumulative Redeemable Preferred Stock,$25.6332,0.0232,0.091%,,,,1922,,
BRG^D,Bluerock Residential Growth REIT Inc. 7.125% Series D Cumulative Preferred Stock ($0.01 par value per share),$25.54,0.05,0.196%,,,,2300,,
BRN,Barnwell Industries Inc. Common Stock,$2.32,0.05,2.203%,19203011.00,United States,,105667,Energy,Oil & Gas Production
BTG,B2Gold Corp Common shares (Canada),$3.87,-0.05,-1.276%,4071041581.00,Canada,,6720251,Basic Industries,Precious Metals
BTN,Ballantyne Strong Inc. Common Stock,$3.81,-0.02,-0.522%,69728883.00,United States,,27913,Miscellaneous,Industrial Machinery/Components
BTTR,Better Choice Company Inc. Common Stock,$4.00,0.00,0.00%,118339980.00,,2021,33540,Consumer Non-Durables,Food Distributors
BTX,Brooklyn ImmunoTherapeutics Inc. Common Stock,$11.40,-0.05,-0.437%,589717577.00,United States,,451397,Health Care,Major Pharmaceuticals
BWL/A,Bowl America Inc.,$9.025,-0.025,-0.276%,,United States,,513,,
CANF,Can-Fite Biopharma Ltd Sponsored ADR (Israel),$2.12,0.00,0.00%,36446071.00,Israel,,63880,Health Care,Major Pharmaceuticals
CCF,Chase Corporation Common Stock,$115.64,1.69,1.483%,1092711039.00,United States,,10438,Basic Industries,Paints/Coatings
CDOR,Condor Hospitality Trust Inc. Common Stock,$6.13,0.30,5.146%,79395454.00,United States,,4811,Consumer Services,Real Estate Investment Trusts
CEI,Camber Energy Inc. Common Stock,$0.4606,-0.0144,-3.032%,47992353.00,United States,,11848293,Energy,Oil & Gas Production
CET,Central Securities Corporation Common Stock,$42.30,0.27,0.642%,1109969047.00,United States,,23443,Finance,Finance/Investors Services
CEV,Eaton Vance California Municipal Income Trust Shares of Beneficial Interest,$14.02,0.03,0.214%,100012722.00,United States,1999,26116,Finance,Finance/Investors Services
CHAQ,Chardan Healthcare Acquisition 2 Corp. Common Stock,$10.05,0.00,0.00%,108321965.00,,2020,2,Health Care,Biotechnology: Biological Products (No Diagnostic Substances)
CHFW,Consonance-HFW Acquisition Corp. Class A Ordinary Shares,$9.65,0.2203,2.336%,115163100.00,,2021,66699,Health Care,Biotechnology: Biological Products (No Diagnostic Substances)
CIK,Credit Suisse Asset Management Income Fund Inc. Common Stock,$3.49,0.03,0.867%,182544202.00,United States,,812549,Finance,Finance/Investors Services
CIX,CompX International Inc. Common Stock,$20.99,0.34,1.646%,260394740.00,United States,1998,63502,Miscellaneous,Diversified Manufacture
CKX,CKX Lands Inc. Common Stock,$11.65,-0.396,-3.287%,22630067.00,United States,,347,Energy,Oil & Gas Production
CLM,Cornerstone Strategic Value Fund Inc. New Common Stock,$12.29,0.10,0.82%,954594226.00,United States,1987,910180,Finance,Finance/Investors Services
CMCL,Caledonia Mining Corporation Plc Common Shares,$11.94,-0.28,-2.291%,144698747.00,Canada,,38756,Basic Industries,Precious Metals
CMT,Core Molding Technologies Inc Common Stock,$15.14,1.00,7.072%,128454982.00,United States,,221124,Consumer Durables,Electronic Components
COHN,Cohen & Company Inc.,$20.08,-0.05,-0.248%,32615723.00,United States,,102977,Finance,Investment Bankers/Brokers/Service
CPHI,China Pharma Holdings Inc. Common Stock,$0.8603,-0.0197,-2.239%,37491493.00,China,,496386,Health Care,Major Pharmaceuticals
CQP,Cheniere Energy Partners LP Cheniere Energy Partners LP Common Units,$39.04,-0.96,-2.40%,18896184642.00,United States,2007,209162,Public Utilities,Oil/Gas Transmission
CRF,Cornerstone Total Return Fund Inc. (The) Common Stock,$11.88,0.11,0.935%,487598063.00,United States,,481237,Finance,Finance/Investors Services
CTEK,CynergisTek Inc. Common Stock,$2.07,-0.01,-0.481%,25089845.00,United States,2017,130577,Technology,Retail: Computer Software & Peripheral Equipment
CVM,Cel-Sci Corporation Common Stock,$9.17,-0.08,-0.865%,391917226.00,United States,,1945974,Health Care,Biotechnology: Biological Products (No Diagnostic Substances)
CVR,Chicago Rivet & Machine Co. Common Stock,$26.64,0.1401,0.529%,25737756.00,United States,,976,Consumer Non-Durables,Industrial Specialties
CVU,CPI Aerostructures Inc. Common Stock,$3.32,-0.04,-1.19%,40604553.00,United States,,14063,Capital Goods,Military/Government/Technical
CYBN,Cybin Inc. Common Shares,$2.74,-0.02,-0.725%,431425097.00,,,847043,,
DHY,Credit Suisse High Yield Bond Fund Common Stock,$2.52,0.00,0.00%,260838653.00,United States,1998,277757,Finance,Finance/Investors Services
DIT,AMCON Distributing Company Common Stock,$170.20,-1.81,-1.052%,93843004.00,United States,,3090,Consumer Non-Durables,Food Distributors
DLA,Delta Apparel Inc. Common Stock,$33.24,0.70,2.151%,231837698.00,United States,,33872,Consumer Non-Durables,Department/Specialty Retail Stores
DMF,BNY Mellon Municipal Income Inc. Common Stock,$9.50,0.03,0.317%,197144067.00,United States,1988,36635,Finance,Finance/Investors Services
DNN,Denison Mines Corp Ordinary Shares (Canada),$1.10,0.00,0.00%,885395974.00,Canada,,3073870,Basic Industries,Other Metals and Minerals
DPW,Ault Global Holdings Inc. Common Stock,$2.49,0.05,2.049%,123938600.00,United States,,2581435,Capital Goods,Industrial Machinery/Components
DSS,Document Security Systems Inc. Common Stock,$1.32,-0.03,-2.222%,89219189.00,United States,,548561,Consumer Services,Recreational Products/Toys
DXF,Dunxin Financial Holdings Limited American Depositary Shares,$1.50,-0.02,-1.316%,31318781.00,China,,56813,Consumer Non-Durables,Apparel
DXR,Daxor Corporation Common Stock,$9.07,0.1465,1.642%,36587264.00,United States,,15939,Health Care,Medical/Dental Instruments
EAD,Wells Fargo Income Opportunities Fund Common Shares,$9.06,0.01,0.11%,548911099.00,United States,2003,141249,Finance,Finance/Investors Services
ECF,Ellsworth Growth and Income Fund Ltd.,$14.67,0.14,0.964%,198037049.00,United States,1986,16672,Finance,Finance/Investors Services
ECF^A,Ellsworth Growth and Income Fund Ltd. 5.25% Series A Cumulative Preferred Shares (Liquidation Preference $25.00 per share),$26.19,0.041,0.157%,,United States,,140,,
EIM,Eaton Vance Municipal Bond Fund Common Shares of Beneficial Interest $.01 par value,$13.84,-0.01,-0.072%,995832067.00,United States,2002,74935,Finance,Finance/Investors Services
ELA,Envela Corporation Common Stock,$4.65,0.05,1.087%,125198372.00,United States,,27649,Consumer Services,Consumer Specialties
ELLO,Ellomay Capital Ltd Ordinary Shares (Israel),$28.56,0.56,2.00%,366694035.00,Israel,,1186,Public Utilities,Electric Utilities: Central
ELMD,Electromed Inc. Common Stock,$11.30,-0.12,-1.051%,97602846.00,United States,2011,35528,Health Care,Biotechnology: Electromedical & Electrotherapeutic Apparatus
EMAN,eMagin Corporation Common Stock,$2.85,-0.10,-3.39%,205972142.00,United States,,317974,Capital Goods,Industrial Machinery/Components
EMX,EMX Royalty Corporation Common Shares (Canada),$3.03,-0.05,-1.623%,259507828.00,Canada,,152220,Basic Industries,Precious Metals
ENSV,Enservco Corporation Common Stock,$1.18,-0.04,-3.279%,13490617.00,United States,,99506,Energy,Oilfield Services/Equipment
ENX,Eaton Vance New York Municipal Bond Fund Common Shares of Beneficial Interest $.01 par value,$12.78,-0.02,-0.156%,231551797.00,United States,2002,7074,Finance,Finance/Investors Services
EPM,Evolution Petroleum Corporation Inc. Common Stock,$4.07,0.12,3.038%,136375330.00,United States,,91968,Energy,Oil & Gas Production
EQX,Equinox Gold Corp. Common Shares,$6.33,-0.23,-3.506%,1891881807.00,Canada,,2760927,Basic Industries,Precious Metals
ERC,Wells Fargo Multi-Sector Income Fund Common Stock no par value,$13.14,0.00,0.00%,368808251.00,United States,2003,56170,Finance,Finance/Investors Services
ERH,Wells Fargo Utilities and High Income Fund,$14.53,0.13,0.903%,134858161.00,,2004,16707,Finance,Finance/Investors Services
ESP,Espey Mfg. & Electronics Corp. Common Stock,$14.95,0.1515,1.024%,40404363.00,United States,,2291,Capital Goods,Industrial Machinery/Components
EVBN,Evans Bancorp Inc. Common Stock,$40.00,0.30,0.756%,218260320.00,United States,,13829,Finance,Major Banks
EVI,EVI Industries Inc.  Common Stock,$28.50,0.99,3.599%,349357931.00,United States,,10395,Capital Goods,Industrial Machinery/Components
EVM,Eaton Vance California Municipal Bond Fund Common Shares of Beneficial Interest $.01 par value,$12.14,-0.01,-0.082%,303431275.00,United States,2002,72974,Finance,Finance/Investors Services
EVV,Eaton Vance Limited Duration Income Fund Common Shares of Beneficial Interest,$13.41,0.06,0.449%,1557531511.00,United States,2003,318793,Finance,Finance/Investors Services
EVY,Eaton Vance New York Municipal Income Trust Shares of Beneficial Interest,$15.27,0.04,0.263%,82485914.00,United States,1999,6999,Finance,Finance/Investors Services
EXN,Excellon Resources Inc. Common Shares,$2.13,-0.20,-8.584%,69786225.00,,2020,25700,Basic Industries,Precious Metals
FAX,Aberdeen Asia-Pacific Income Fund Inc Common Stock,$4.36,0.02,0.461%,1079953553.00,United States,1986,512970,Finance,Investment Managers
FCO,Aberdeen Global Income Fund Inc. Common Stock,$9.42,0.01,0.106%,82331252.00,United States,1992,20031,Finance,Investment Managers
FEN,First Trust Energy Income and Growth Fund,$14.12,0.09,0.641%,274571448.00,United States,2004,41091,Finance,Finance/Investors Services
FRD,Friedman Industries Inc. Common Stock,$13.19,0.04,0.304%,91004893.00,United States,,13494,Basic Industries,Steel/Iron Ore
FSI,Flexible Solutions International Inc. Common Stock (CDA),$3.76,0.06,1.622%,46307205.00,Canada,,29887,Capital Goods,Recreational Products/Toys
FSP,Franklin Street Properties Corp. Common Stock,$4.97,0.11,2.263%,533751972.00,United States,,193935,Consumer Services,Real Estate Investment Trusts
FTF,Franklin Limited Duration Income Trust Common Shares of Beneficial Interest,$9.30,0.03,0.324%,280291166.00,United States,2003,68898,Finance,Finance/Investors Services
FTSI,FTS International Inc. Class A Common Stock,$20.63,1.93,10.321%,288613081.00,United States,2020,109116,Energy,Oilfield Services/Equipment
FURY,Fury Gold Mines Limited Common Shares,$0.954,-0.016,-1.649%,112505919.00,,2020,238622,Basic Industries,Precious Metals
GAU,Galiano Gold Inc.,$0.9211,-0.0305,-3.205%,206946412.00,Canada,,518249,Basic Industries,Precious Metals
GBR,New Concept Energy Inc Common Stock,$4.43,0.0465,1.061%,22734468.00,United States,,47352,Consumer Services,Real Estate
GDP,Goodrich Petroleum Corporation Common Stock,$16.14,0.07,0.436%,216312977.00,United States,2017,37145,Energy,Oil & Gas Production
GGN,GAMCO Global Gold Natural Resources & Income Trust,$3.93,-0.05,-1.256%,605141931.00,United States,2005,717934,Finance,Finance/Investors Services
GGN^B,GAMCO Global Gold Natural Reources & Income Trust 5.00% Series B Cumulative 25.00 Liquidation Preference,$25.50,0.00,0.00%,,United States,,174,,
GGO^A,The Gabelli Go Anywhere Trust Series A Cumulative Puttable and Callable Preferred Shares,$40.37,0.00,0.00%,,,,69,,
GLDG,GoldMining Inc. Common Shares,$1.26,-0.07,-5.263%,188473367.00,,,290274,Basic Industries,Precious Metals
GLO,Clough Global Opportunities Fund Common Stock,$12.90,0.01,0.078%,419361340.00,United States,2006,238842,Finance,Finance/Investors Services
GLQ,Clough Global Equity Fund Clough Global Equity Fund Common Shares of Beneficial Interest,$15.66,0.16,1.032%,212289701.00,United States,2005,76025,Finance,Finance/Investors Services
GLU,Gabelli Global Utility Common Shares of Beneficial Ownership,$21.93,0.23,1.06%,117842566.00,United States,2004,11847,Finance,Finance/Investors Services
GLU^A,The Gabelli Global Utility and Income Trust Series A Cumulative Puttable and Callable Preferred Shares,$47.1667,0.00,0.00%,,United States,,10,,
GLU^B,The Gabelli Global Utility and Income Trust Series B Cumulative Puttable and Callable Preferred Shares,$51.65,0.0301,0.058%,,United States,,400,,
GLV,Clough Global Dividend and Income Fund Common Shares of beneficial interest,$11.64,0.05,0.431%,100554549.00,United States,2004,41499,Finance,Finance/Investors Services
GOED,1847 Goedeker Inc. Commom Stock,$2.92,-0.03,-1.017%,301105389.00,United States,2020,1982328,Consumer Services,Home Furnishings
GORO,Gold Resource Corporation Common Stock,$1.93,-0.09,-4.455%,143846613.00,United States,,1301431,Basic Industries,Precious Metals
GPL,Great Panther Mining Limited Ordinary Shares (Canada),$0.5295,-0.0332,-5.90%,188184183.00,Canada,,3369962,Basic Industries,Precious Metals
GRF,Eagle Capital Growth Fund Inc. Common Stock,$9.15,0.00,0.00%,37280037.00,United States,,11202,Finance,Finance/Investors Services
GROY,Gold Royalty Corp. Common Shares,$5.12,0.19,3.854%,213101297.00,,2021,259968,Basic Industries,Precious Metals
GSAT,Globalstar Inc. Common Stock,$1.38,0.01,0.73%,2472960000.00,United States,2006,3753030,Consumer Services,Telecommunications Equipment
GSS,Golden Star Resources Ltd Common Stock,$2.29,-0.09,-3.782%,265010358.00,United States,,408515,Basic Industries,Precious Metals
GSV,Gold Standard Ventures Corporation Common Stock (Canada),$0.5349,-0.0073,-1.346%,191214022.00,Canada,,745266,Basic Industries,Mining & Quarrying of Nonmetallic Minerals (No Fuels)
GTE,Gran Tierra Energy Inc. Common Stock,$0.5639,-0.0004,-0.071%,206946789.00,Canada,,1454213,Energy,Oil & Gas Production
HLM^,Hillman Group Capital Trust Preferred Stock,$25.07,-0.01,-0.04%,,United States,,4256,,
HMG,HMG/Courtland Properties Inc. Common Stock,$16.9236,0.00,0.00%,17046262.00,United States,,28,Consumer Services,Real Estate Investment Trusts
HNW,Pioneer Diversified High Income Fund Inc.,$15.45,0.00,0.00%,128741606.00,United States,2007,40367,Finance,Finance/Investors Services
HUSA,Houston American Energy Corporation Common Stock,$1.71,0.00,0.00%,16968908.00,United States,,98514,Energy,Oil & Gas Production
HWM^,Howmet Aerospace Inc. $3.75 Preferred Stock,$78.20,0.00,0.00%,,United States,,99,,
IAF,Aberdeen Australia Equity Fund Inc Common Stock,$6.39,-0.10,-1.541%,150133887.00,United States,,86524,Finance,Finance/Investors Services
IBIO,iBio Inc. Common Stock,$1.28,0.02,1.587%,278848440.00,United States,,1682048,Health Care,Major Pharmaceuticals
ID,PARTS iD Inc. Class A Common Stock,$7.51,0.22,3.018%,249132655.00,United States,2017,32602,Miscellaneous,Diversified Commercial Services
IDW,IDW Media Holdings Class B Common Stock,$3.93,0.01,0.255%,39498229.00,,2021,16722,Consumer Services,Advertising
IGC,India Globalization Capital Inc. Common Stock,$1.76,-0.03,-1.676%,85056000.00,United States,,1268132,Technology,Engineering & Construction
IHT,InnSuites Hospitality Trust Shares of Beneficial Interest,$4.95,-0.07,-1.394%,43839937.00,United States,,25077,Consumer Services,Real Estate Investment Trusts
IMH,Impac Mortgage Holdings Inc. Common Stock ,$1.66,0.02,1.22%,35412255.00,United States,1997,16599,Finance,Finance: Consumer Services
IMO,Imperial Oil Limited Common Stock,$27.18,0.16,0.592%,19151028000.00,Canada,,225275,Energy,Integrated oil Companies
INDO,Indonesia Energy Corporation Limited Ordinary Shares,$5.10,-0.24,-4.494%,37882571.00,,2019,11111,Energy,Oil & Gas Production
INFU,InfuSystems Holdings Inc. Common Stock,$20.17,0.59,3.013%,412855635.00,United States,,49350,Health Care,Medical/Dental Instruments
INTT,inTest Corporation Common Stock,$12.30,-2.50,-16.892%,132189711.00,United States,1997,526043,Technology,Semiconductors
INUV,Inuvo Inc.,$0.8364,-0.0036,-0.429%,99126953.00,United States,,947992,Technology,Advertising
IOR,Income Opportunity Realty Investors Inc. Common Stock,$13.3411,0.00,0.00%,55611228.00,United States,,201,Finance,Diversified Financial Services
ISDR,Issuer Direct Corporation Common Stock,$27.65,0.10,0.363%,104129209.00,United States,,13651,Technology,EDP Services
ISR,IsoRay Inc. Common Stock (DE),$0.689,0.0036,0.525%,97469568.00,United States,,360257,Health Care,Medical/Dental Instruments
ITP,IT Tech Packaging Inc. Common Stock,$0.42,0.00,0.00%,41600958.00,China,,1901202,Basic Industries,Paper
ITRG,Integra Resources Corp. Common Shares,$2.91,-0.0534,-1.802%,159505894.00,,,54908,,
JOB,GEE Group Inc. Common Stock,$0.469,-0.001,-0.213%,53231713.00,United States,,1251439,Technology,Diversified Commercial Services
KIQ,Kelso Technologies Inc Ordinary Shares,$0.6594,0.0094,1.446%,35785695.00,Canada,,805364,,
KLR,Kaleyra Inc. Common Stock,$9.94,0.01,0.101%,311194920.00,United States,2018,469227,Technology,Internet and Information Services
KULR,KULR Technology Group Inc. Common Stock,$2.04,-0.05,-2.392%,192264288.00,United States,,206791,Capital Goods,Electrical Products
LCTX,Lineage Cell Therapeutics Inc. Common Stock,$2.55,-0.03,-1.163%,382452435.00,United States,,398170,Health Care,Biotechnology: Biological Products (No Diagnostic Substances)
LEU,Centrus Energy Corp. Class A Common Stock,$24.46,1.37,5.933%,338825668.00,United States,2014,44176,,
LGL,LGL Group Inc. (The) Common Stock,$10.41,0.40,3.996%,54883644.00,United States,,49192,Capital Goods,Industrial Machinery/Components
LNG,Cheniere Energy Inc. Common Stock,$84.64,-1.27,-1.478%,21459399696.00,United States,,1081713,Public Utilities,Oil/Gas Transmission
LODE,Comstock Mining Inc. Common Stock,$3.05,0.00,0.00%,129489321.00,United States,,509378,Finance,Real Estate
LOV,Spark Networks Inc. American Depositary Shares (each representing one-tenth of an Ordinary Share),$3.49,-0.31,-8.158%,90938546.00,United States,2017,157559,Miscellaneous,Other Consumer Services
LSF,Laird Superfood Inc. Common Stock,$23.91,-0.24,-0.994%,214972515.00,,2020,22187,Consumer Non-Durables,Specialty Foods
LXFR,Luxfer Holdings PLC Ordinary Shares,$20.25,0.00,0.00%,561903743.00,United Kingdom,2012,41065,Capital Goods,Metal Fabrications
MAG,MAG Silver Corporation Ordinary Shares,$19.34,0.01,0.052%,1834204517.00,Canada,,331012,Basic Industries,Precious Metals
MCF,Contango Oil & Gas Company Common Stock (TX),$3.52,-0.01,-0.283%,707771353.00,United States,,850852,Energy,Oil & Gas Production
MHH,Mastech Digital Inc Common Stock,$17.75,0.30,1.719%,202901173.00,United States,,40069,Consumer Services,Professional Services
MITQ,Moving iMage Technologies Inc. Common Stock,$3.34,0.06,1.829%,35058868.00,United States,2021,197432,,
MLSS,Milestone Scientific Inc. Common Stock,$1.79,-0.04,-2.186%,119491799.00,United States,2015,198517,Health Care,Industrial Specialties
MMX,Maverix Metals Inc. Common Shares,$4.62,-0.15,-3.145%,673805540.00,,,295281,Basic Industries,Precious Metals
MSN,Emerson Radio Corporation Common Stock,$1.35,-0.01,-0.735%,28407580.00,United States,,52887,Consumer Non-Durables,Consumer Electronics/Appliances
MTA,Metalla Royalty & Streaming Ltd. Common Shares,$8.02,-0.10,-1.232%,343364430.00,,,131433,Basic Industries,Precious Metals
MTNB,Matinas Biopharma Holdings Inc. Common Stock,$0.7781,-0.0019,-0.244%,158953359.00,United States,2017,389131,Health Care,Major Pharmaceuticals
MXC,Mexco Energy Corporation Common Stock,$8.5617,-0.2517,-2.856%,17912498.00,United States,,37371,Energy,Oil & Gas Production
MYO,Myomo Inc. Common Stock,$7.91,-0.01,-0.126%,44327822.00,United States,2017,14026,Health Care,Industrial Specialties
NAK,Northern Dynasty Minerals Ltd. Common Stock,$0.4131,-0.0159,-3.706%,211879072.00,Canada,,3002814,Basic Industries,Precious Metals
NAVB,Navidea Biopharmaceuticals Inc. Common Stock,$1.70,0.04,2.41%,51260855.00,United States,,23603,Health Care,Biotechnology: In Vitro & In Vivo Diagnostic Substances
NBA,New Beginnings Acquisition Corp. Common Stock,$10.03,-0.045,-0.447%,149647600.00,,2020,85106,,
NBH,Neuberger Berman Municipal Fund Inc. Common Stock,$15.97,0.06,0.377%,300612141.00,United States,2002,34652,Finance,Finance/Investors Services
NBO,Neuberger Berman New York Municipal Fund Inc. Common Stock,$13.41,0.00,0.00%,68088162.00,United States,2002,3022,Finance,Finance/Investors Services
NBW,Neuberger Berman California Municipal Fund Inc Common Stock,$14.58,-0.02,-0.137%,80934222.00,United States,2002,7581,Finance,Finance/Investors Services
NBY,NovaBay Pharmaceuticals Inc. Common Stock,$0.62,-0.0047,-0.752%,26004402.00,United States,2007,1372913,Health Care,Major Pharmaceuticals
NEN,New England Realty Associates Limited Partnership Class A Depositary Receipts Evidencing Units of Limited Partnership,$62.4505,1.0905,1.777%,228112692.00,United States,,2502,Consumer Services,Building operators
NES,Nuverra Environmental Solutions Inc. Common Stock,$2.30,0.02,0.877%,36800184.00,United States,2017,7214,Public Utilities,Water Supply
NEWP,New Pacific Metals Corp. Common Shares,$3.99,-0.04,-0.993%,616270514.00,,2021,124885,Capital Goods,Medical Specialities
NG,Novagold Resources Inc.,$7.47,-0.11,-1.451%,2477435316.00,Canada,,634933,Basic Industries,Precious Metals
NGD,New Gold Inc.,$1.56,-0.01,-0.637%,1061892000.00,Canada,,3405359,Basic Industries,Precious Metals
NHC,National HealthCare Corporation Common Stock,$76.45,-0.89,-1.151%,1176805553.00,United States,,20495,Health Care,Hospital/Nursing Management
NHS,Neuberger Berman High Yield Strategies Fund,$12.79,0.01,0.078%,187458362.00,United States,,19537,Finance,Trusts Except Educational Religious and Charitable
NML,Neuberger Berman MLP and Energy Income Fund Inc. Common Stock,$4.72,-0.04,-0.84%,267430140.00,,2013,61749,Finance,Finance/Investors Services
NNVC,NanoViricides Inc. Common Stock,$3.91,0.00,0.00%,44984550.00,United States,,61830,Health Care,Major Pharmaceuticals
NOG,Northern Oil and Gas Inc. Common Stock,$17.19,0.21,1.237%,1137168059.00,United States,,598329,Energy,Oil & Gas Production
NRO,Neuberger Berman Real Estate Securities Income Fund Inc. Neuberger Berman Real Estate Securities Income Fund Inc.,$5.11,-0.01,-0.195%,242318249.00,United States,2003,61579,Finance,Finance/Investors Services
NTIP,Network-1 Technologies Inc. Common Stock,$3.03,-0.01,-0.329%,72987788.00,United States,,42707,Miscellaneous,Multi-Sector Companies
NXE,Nexgen Energy Ltd. Common Shares,$4.03,0.03,0.75%,1896856194.00,,,388374,Basic Industries,Precious Metals
OGEN,Oragenics Inc. Common Stock,$0.71,-0.0265,-3.598%,82103169.00,United States,,1926139,Health Care,Major Pharmaceuticals
OPTT,Ocean Power Technologies Inc. Common Stock,$1.92,-0.01,-0.518%,100719381.00,United States,2007,1239380,Capital Goods,Industrial Machinery/Components
ORLA,Orla Mining Ltd. Common Shares,$3.72,-0.06,-1.587%,917992911.00,,2020,73704,Basic Industries,Precious Metals
PCG^A,Pacific Gas & Electric Co. 6% Preferred Stock,$29.20,0.07,0.24%,,United States,,1387,,
PCG^B,Pacific Gas & Electric Co. 5 1/2% Preferred Stock,$26.49,0.00,0.00%,,United States,,1,,
PCG^D,Pacific Gas & Electric Co. 5% 1st  Red. Preferred Stock,$24.275,0.075,0.31%,,United States,,2504,,
PCG^E,Pacific Gas & Electric Co. 5% 1st A Preferred Stock,$24.75,-0.0709,-0.286%,,United States,,700,,
PCG^G,Pacific Gas & Electric Co. 4.80% 1st Preferred Stock,$23.95,-0.01,-0.042%,,United States,,2840,,
PCG^H,Pacific Gas & Electric Co. 4.50% 1st Preferred Stock,$21.79,-0.51,-2.287%,,United States,,7379,,
PCG^I,Pacific Gas & Electric Co. 4.36% 1st Preferred Stock,$23.015,0.815,3.671%,,United States,,1200,,
PED,Pedevco Corp. Common Stock,$1.10,-0.03,-2.655%,87407763.00,United States,,59153,,
PHGE,BiomX Inc. COmmon Stock,$4.16,0.04,0.971%,101689436.00,,2019,20954,Health Care,Biotechnology: Biological Products (No Diagnostic Substances)
PLAG,Planet Green Holdings Corp. Common Stock,$1.30,0.0216,1.69%,37452909.00,China,,19893,,
PLG,Platinum Group Metals Ltd. Ordinary Shares (Canada),$2.98,-0.05,-1.65%,222003072.00,Canada,,214789,Basic Industries,Precious Metals
PLM,Polymet Mining Corporation Ordinary Shares (Canada),$3.20,0.05,1.587%,322807424.00,Canada,,52620,Basic Industries,Precious Metals
PLX,Protalix BioTherapeutics Inc. (DE) Common Stock,$1.50,0.02,1.351%,68334971.00,Israel,,486833,Health Care,Biotechnology: Biological Products (No Diagnostic Substances)
PLYM^A,Plymouth Industrial REIT Inc. 7.50% Series A Cumulative Redeemable Preferred Stock,$26.7668,0.0168,0.063%,,United States,,4837,,
PRK,Park National Corporation Common Stock,$121.25,2.91,2.459%,1980826451.00,United States,,42101,Finance,Major Banks
PTK,PTK Acquisition Corp. Common Stock,$9.88,0.00,0.00%,126403347.00,United States,2020,51,,
PTN,Palatin Technologies Inc. Common Stock,$0.5036,0.0036,0.72%,115853024.00,United States,,650187,Health Care,Major Pharmaceuticals
PW,Power REIT (MD) Common Stock,$36.86,0.40,1.097%,122464880.00,United States,,10921,Consumer Services,Real Estate Investment Trusts
PZG,Paramount Gold Nevada Corp. Common Stock,$0.8678,-0.0218,-2.451%,32712953.00,United States,2015,52001,Basic Industries,Precious Metals
RCG,RENN Fund Inc Common Stock,$2.18,-0.0801,-3.544%,12975262.00,United States,,4146,Finance,Investment Managers
REI,Ring Energy Inc. Common Stock,$2.61,0.06,2.353%,259110196.00,United States,,734689,Energy,Oil & Gas Production
REPX,Riley Exploration Permian Inc. Common Stock,$19.27,-0.17,-0.874%,379391383.00,United States,,33827,Energy,Oil & Gas Production
RHE,Regional Health Properties Inc. Common Stock,$8.27,-0.21,-2.476%,14681061.00,,2017,121664,Consumer Services,Real Estate Investment Trusts
RHE^A,Regional Health Properties Inc. 10.875% Series A Cumulative Redeemable Preferred Stock,$5.90,-0.015,-0.254%,,,,9198,,
RLGT,Radiant Logistics Inc. Common Stock,$6.28,0.10,1.618%,314750297.00,United States,,114431,Transportation,Oil Refining/Marketing
RMED,Ra Medical Systems Inc. Common Stock,$3.35,0.07,2.134%,18631497.00,,2018,474054,Health Care,Medical/Dental Instruments
RVP,Retractable Technologies Inc. Common Stock,$12.73,0.10,0.792%,432872244.00,United States,,153530,Health Care,Medical/Dental Instruments
SACC,Sachem Capital Corp. 6.875% Notes due 2024,$25.36,-0.04,-0.157%,0.00,United States,2019,7337,Consumer Services,Real Estate Investment Trusts
SACH,Sachem Capital Corp. Common Shares,$4.96,-0.04,-0.80%,132137039.00,United States,2017,101777,Consumer Services,Real Estate Investment Trusts
SACH^A,Sachem Capital Corp. 7.75% Series A Cumulative Redeemable Preferred Stock,$25.4992,0.0992,0.391%,,United States,,8486,,
SBEV,Splash Beverage Group Inc. Common Stock,$3.36,0.23,7.348%,102438430.00,,2021,165327,Consumer Non-Durables,Beverages (Production/Distribution)
SCCB,Sachem Capital Corp. 7.125% Notes due 2024,$25.69,0.01,0.039%,0.00,United States,2019,529,Consumer Services,Real Estate Investment Trusts
SCCC,Sachem Capital Corp. 7.75% Notes due 2025,$26.00,0.00,0.00%,0.00,United States,2020,1069,Consumer Services,Real Estate Investment Trusts
SDPI,Superior Drilling Products Inc. Common Stock,$0.76,-0.0109,-1.414%,19580797.00,,2014,18956,Energy,Metal Fabrications
SEB,Seaboard Corporation Common Stock,$3960.99,68.00,1.747%,4597834011.00,United States,1996,525,Finance,Investment Bankers/Brokers/Service
SENS,Senseonics Holdings Inc. Common Stock,$3.22,0.08,2.548%,1378392471.00,United States,,9747805,Health Care,Medical Specialities
SIF,SIFCO Industries Inc. Common Stock,$10.7426,-0.2374,-2.162%,64338817.00,United States,,3367,Capital Goods,Office Equipment/Supplies/Services
SILV,SilverCrest Metals Inc. Common Shares,$8.30,-0.17,-2.007%,1199001101.00,,2018,793976,Capital Goods,Industrial Machinery/Components
SIM,Grupo Simec S.A.B. de C.V. American Depositary Shares,$24.01,-0.3001,-1.234%,3703778374.00,Mexico,1993,1437,Basic Industries,Steel/Iron Ore
SLI,Standard Lithium Ltd. Common Shares,$7.33,-0.02,-0.272%,1028792643.00,,2021,887659,,
SMTS,Sierra Metals Inc. Common Stock,$3.12,0.03,0.971%,509895828.00,,,331727,Basic Industries,Precious Metals
SNMP,Evolve Transition Infrastructure LP Common Stock,$1.52,0.04,2.703%,85401775.00,United States,,4605139,Energy,Oil & Gas Production
SSY,SunLink Health Systems Inc. Common Stock,$2.77,0.13,4.924%,19168547.00,United States,,170726,Health Care,Medical/Nursing Services
STXS,Stereotaxis Inc. Common Stock,$9.00,0.12,1.351%,667025721.00,United States,,351482,Health Care,Biotechnology: Electromedical & Electrotherapeutic Apparatus
SVM,Silvercorp Metals Inc. Common Shares,$4.66,0.03,0.648%,819611099.00,,,1453373,Basic Industries,Precious Metals
SVT,Servotronics Inc. Common Stock,$9.3431,0.0131,0.14%,23156939.00,United States,,2219,Consumer Durables,Metal Fabrications
SYN,Synthetic Biologics Inc. Common Stock,$0.4998,-0.0085,-1.672%,65994860.00,United States,,1456119,Health Care,Major Pharmaceuticals
TGB,Taseko Mines Ltd. Common Stock,$1.76,-0.06,-3.297%,498412682.00,Canada,,1338417,Basic Industries,Precious Metals
THM,International Tower Hill Mines Ltd. Ordinary Shares (Canada),$0.9738,-0.0262,-2.62%,189801590.00,Canada,,340626,Basic Industries,Precious Metals
TKAT,Takung Art Co. Ltd. Common Stock,$6.30,-0.37,-5.547%,78112900.00,,,933644,Consumer Services,Catalog/Specialty Distribution
TMBR,Timber Pharmaceuticals Inc. Common Stock,$1.02,0.0328,3.323%,37579906.00,United States,2015,222424,Health Care,Major Pharmaceuticals
TMP,Tompkins Financial Corporation Common Stock,$79.14,2.06,2.673%,1166914156.00,United States,,21679,Finance,Major Banks
TMQ,Trilogy Metals Inc. Common Stock,$2.12,-0.07,-3.196%,306226548.00,Canada,,147649,Basic Industries,Precious Metals
TPHS,Trinity Place Holdings Inc. Common Stock,$2.27,0.09,4.128%,73674139.00,,,12444,Consumer Services,Real Estate
TRT,Trio-Tech International Common Stock,$4.32,-0.18,-4.00%,16904398.00,United States,,80502,Technology,Industrial Machinery/Components
TRX,Tanzanian Gold Corporation Common Stock,$0.429,-0.0045,-1.038%,109339469.00,Canada,,441822,Basic Industries,Precious Metals
UAMY,United States Antimony Corporation Common Stock,$0.9554,-0.003,-0.313%,101514194.00,United States,,1729592,Capital Goods,Metal Fabrications
UAVS,AgEagle Aerial Systems Inc. Common Stock,$4.01,0.00,0.00%,276514065.00,United States,,1203152,,
UEC,Uranium Energy Corp. Common Stock,$2.20,0.05,2.326%,513146476.00,Canada,,1956343,Basic Industries,Other Metals and Minerals
UFAB,Unique Fabricating Inc. Common Stock,$2.66,0.13,5.138%,26012531.00,United States,2015,22606,Capital Goods,Auto Parts:O.E.M.
URG,Ur Energy Inc Common Shares (Canada),$1.19,0.05,4.386%,232534381.00,Canada,,1266600,Basic Industries,Other Metals and Minerals
USAS,Americas Gold and Silver Corporation Common Shares no par value,$1.32,-0.02,-1.493%,175680715.00,,2017,832421,Basic Industries,Precious Metals
UTG,Reaves Utility Income Fund Common Shares of Beneficial Interest,$35.65,0.24,0.678%,2119947571.00,United States,2004,122506,Finance,Investment Managers
UUU,Universal Security Instruments Inc. Common Stock,$6.21,0.02,0.323%,14363028.00,United States,,64720,Miscellaneous,Diversified Manufacture
UUUU,Energy Fuels Inc Ordinary Shares (Canada),$5.27,0.07,1.346%,783536153.00,,,956863,Basic Industries,Mining & Quarrying of Nonmetallic Minerals (No Fuels)
VCF,Delaware Investments Colorado Municipal Income Fund Inc  Common Stock,$15.00,0.11,0.739%,72556500.00,United States,1993,342,Finance,Finance/Investors Services
VFL,Delaware Investments National Municipal Income Fund Common Stock,$14.35,-0.045,-0.313%,64983157.00,United States,1993,3036,Finance,Finance/Investors Services
VGZ,Vista Gold Corp Common Stock,$0.835,-0.0395,-4.517%,97847443.00,United States,,757320,Basic Industries,Precious Metals
VHAQ,Viveon Health Acquisition Corp. Common Stock,$9.94,0.00,0.00%,250053125.00,,2021,1270,,
VKI,Invesco Advantage Municipal Income Trust II Common Shares of Beneficial Interest (DE),$12.34,0.03,0.244%,547791739.00,United States,,38331,Finance,Finance Companies
VMM,Delaware Investments Minnesota Municipal Income Fund II Inc. Common Stock,$14.15,-0.02,-0.141%,162795396.00,United States,1993,6842,Finance,Finance/Investors Services
VNRX,VolitionRX Limited Common Stock,$3.17,-0.03,-0.938%,167669900.00,Singapore,2015,46186,Health Care,Biotechnology: Biological Products (No Diagnostic Substances)
VOLT,Volt Information Sciences Inc. Common Stock,$5.04,-0.42,-7.692%,109552338.00,United States,,169685,Consumer Services,Movies/Entertainment
WLMS,Williams Industrial Services Group Inc. Common Stock,$4.75,-0.04,-0.835%,123006005.00,,2021,42127,Capital Goods,Oilfield Services/Equipment
WRN,Western Copper and Gold Corporation Common Stock,$1.78,-0.06,-3.261%,267491503.00,Canada,2011,271731,Basic Industries,Precious Metals
WTT,Wireless Telecom Group  Inc. Common Stock,$2.55,-0.11,-4.135%,55233811.00,United States,,34880,Capital Goods,Telecommunications Equipment
WWR,Westwater Resources Inc. Common Stock,$4.07,0.11,2.778%,131608802.00,United States,,494745,Basic Industries,Other Metals and Minerals
WYY,WidePoint Corporation Common Stock,$6.82,0.46,7.233%,61866621.00,United States,,220181,Technology,EDP Services
XPL,Solitario Zinc Corp. Common Stock,$0.59,0.0051,0.872%,34473178.00,United States,,161492,,
XTNT,Xtant Medical Holdings Inc. Common Stock,$1.32,0.03,2.326%,114453618.00,United States,,207201,Health Care,Biotechnology: Biological Products (No Diagnostic Substances)
XXII,22nd Century Group Inc. Common Stock,$3.53,0.01,0.284%,573860133.00,United States,,1542232,Consumer Non-Durables,Farming/Seeds/Milling
YCBD,cbdMD Inc. Common Stock,$2.25,0.01,0.446%,128177021.00,United States,2017,214272,Consumer Non-Durables,Package Goods/Cosmetics
YCBD^A,cbdMD Inc. 8.0% Series A Cumulative Convertible Preferred Stock,$7.05,-0.01,-0.142%,,United States,,13734,,
ZDGE,Zedge Inc. Class B Common Stock ,$16.86,-0.09,-0.531%,239185081.00,,2016,116236,Technology,Computer Software: Prepackaged Software
ZOM,Zomedica Corp. Common Shares,$0.59,-0.0034,-0.573%,576910162.00,United States,2017,13835397,Health Care,Major Pharmaceuticals
